<?xml version="1.0" encoding="UTF-8"?>
<configuration>
	<property name="LOG_PATH" value="C:\Users\Minju Gwak\OneDrive - 연세대학교 (Yonsei University)\tmp\logs" />
	<appender name="STDOUT" class="ch.qos.logback.core.ConsoleAppender">
		<target>System.out</target>
		<encoder>
			<pattern>[%d{yyyy-MM-dd HH:mm:ss}:%-3relative][%thread] %highlight([%-5level]) %logger{35} - %msg%n</pattern>
		</encoder>
	</appender>
	<appender name="ROLLING" class="ch.qos.logback.core.rolling.RollingFileAppender">
		<file>${LOG_PATH}/logback.log</file>
		<append>true</append>
		<encoder class="ch.qos.logback.classic.encoder.PatternLayoutEncoder">
			<pattern>[%d{yyyy-MM-dd HH:mm:ss}:%-3relative][%thread] [%-5level] %logger{35} - %msg%n</pattern>
		</encoder>
		<filter class="ch.qos.logback.classic.filter.ThresholdFilter">
        	<level>INFO</level>
    	</filter>
	<rollingPolicy class="ch.qos.logback.core.rolling.SizeAndTimeBasedRollingPolicy">
		<fileNamePattern>${LOG_PATH}/logback.%d{yyyy-MM-dd}.%i.log.zip
		</fileNamePattern>
		<maxFileSize>5MB</maxFileSize>
		<maxHistory>30</maxHistory>
	</rollingPolicy>
	</appender>
	<root level="debug">
		<appender-ref ref="ROLLING" />
		<appender-ref ref="STDOUT" />
	</root>
</configuration>